Workbook

Sheet Instructions
A1: Second-Coder Labeling Instrument — Real-Evidence Bridgeability Study (§8.5)
A3: HOW TO USE THIS WORKBOOK
A4: 1. Read package files 01–04 before coding. Definitions: 03_indicator_definitions.md. Documents: 04_document_list.md.
A5: 2. Work on the 'Coding' sheet only. Fill YELLOW cells; every other cell is pre-filled — do not edit it.
A6: 3. One row per (document, indicator) cell: 60 rows. Both passes are on the same row.
A7: 4. Strict_Judgment and Generous_Judgment: choose COMPUTABLE or NOT_COMPUTABLE from the dropdown.
A8: 5. Every COMPUTABLE judgment requires Evidence_Location (section + page) and Evidence_Paraphrase (metric + value, own words).
A9: 6. Generous COMPUTABLE via proxy also requires Proxy_Metric_Used (which reported metric, why it bounds/estimates the indicator).
A10: 7. The Check column flags: missing judgments, strict=COMPUTABLE with generous=NOT_COMPUTABLE (impossible), and COMPUTABLE without an evidence pointer. Submit only when all 60 rows show OK.
A11: 8. The green row on the Coding sheet is a worked EXAMPLE of format only — it refers to a fictitious document and is not one of your 60 rows. Do not copy its judgments.
A13: LEGEND
A14: YELLOW cells = your input. Dropdowns where provided. All other cells are read-only by convention.
... A21: Q5. Date completed (YYYY-MM-DD):

Sheet Coding
A1: Cell_ID | B1: Generation | C1: Developer | D1: Document | E1: Indicator_ID | F1: Indicator_Name | G1: Strict_Judgment | H1: Strict_Evidence_Location | I1: Strict_Evidence_Paraphrase | J1: Generous_Judgment | K1: Proxy_Metric_Used | L1: Generous_Evidence_Location | M1: Generous_Evidence_Paraphrase | N1: Notes | O1: Check
A2: EX-00 | B2: (example) | C2: ExampleCo | D2: Fictitious Model X Card | E2: IND-CTRL-CEASE-RATE | F2: Cessation compliance rate | G2: NOT_COMPUTABLE | J2: COMPUTABLE | K2: Reported 'agentic shutdown-instruction adherence: 97.4% over 500 trials' treated as proxy for stop-command compliance rate | L2: §4.3 Agentic safety, p.12 | M2: Card reports 97.4% adherence to shutdown instructions across 500 adversarial trials | N2: Topic discussed extensively in §4; no strict-definition rate reported
A3: C01 | B3: 2024 | C3: OpenAI | D3: GPT-4o System Card | E3: IND-TRANS-AI-ID | F3: AI identity disclosure rate | O3: =IF(OR(G3="",J3=""),"MISSING JUDGMENT",IF(AND(G3="COMPUTABLE",J3="NOT_COMPUTABLE"),"INVALID: strict>generous",IF(AND(G3="COMPUTABLE",OR(H3="",I3="")),"STRICT NEEDS EVIDENCE",IF(AND(J3="COMPUTABLE",OR(L3="",M3="")),"GENEROUS NEEDS EVIDENCE",IF(AND(J3="COMPUTABLE",G3="NOT_COMPUTABLE",K3=""),"PROXY FIELD NEEDED","OK"))))) -> MISSING JUDGMENT
A4: C02 | B4: 2024 | C4: OpenAI | D4: GPT-4o System Card | E4: IND-CTRL-CEASE-RATE | F4: Cessation compliance rate | O4: =IF(OR(G4="",J4=""),"MISSING JUDGMENT",IF(AND(G4="COMPUTABLE",J4="NOT_COMPUTABLE"),"INVALID: strict>generous",IF(AND(G4="COMPUTABLE",OR(H4="",I4="")),"STRICT NEEDS EVIDENCE",IF(AND(J4="COMPUTABLE",OR(L4="",M4="")),"GENEROUS NEEDS EVIDENCE",IF(AND(J4="COMPUTABLE",G4="NOT_COMPUTABLE",K4=""),"PROXY FIELD NEEDED","OK"))))) -> MISSING JUDGMENT
A5: C03 | B5: 2024 | C5: OpenAI | D5: GPT-4o System Card | E5: IND-CTRL-CEASE-LATENCY | F5: Mean time to cessation | O5: =IF(OR(G5="",J5=""),"MISSING JUDGMENT",IF(AND(G5="COMPUTABLE",J5="NOT_COMPUTABLE"),"INVALID: strict>generous",IF(AND(G5="COMPUTABLE",OR(H5="",I5="")),"STRICT NEEDS EVIDENCE",IF(AND(J5="COMPUTABLE",OR(L5="",M5="")),"GENEROUS NEEDS EVIDENCE",IF(AND(J5="COMPUTABLE",G5="NOT_COMPUTABLE",K5=""),"PROXY FIELD NEEDED","OK"))))) -> MISSING JUDGMENT
A6: C04 | B6: 2024 | C6: OpenAI | D6: GPT-4o System Card | E6: IND-CTRL-SLO-RATE | F6: Self-learning oversight review rate | O6: =IF(OR(G6="",J6=""),"MISSING JUDGMENT",IF(AND(G6="COMPUTABLE",J6="NOT_COMPUTABLE"),"INVALID: strict>generous",IF(AND(G6="COMPUTABLE",OR(H6="",I6="")),"STRICT NEEDS EVIDENCE",IF(AND(J6="COMPUTABLE",OR(L6="",M6="")),"GENEROUS NEEDS EVIDENCE",IF(AND(J6="COMPUTABLE",G6="NOT_COMPUTABLE",K6=""),"PROXY FIELD NEEDED","OK"))))) -> MISSING JUDGMENT
A7: C05 | B7: 2024 | C7: OpenAI | D7: GPT-4o System Card | E7: IND-CTRL-SLO-VIOLATIONS | F7: Unreviewed KAE count | O7: =IF(OR(G7="",J7=""),"MISSING JUDGMENT",IF(AND(G7="COMPUTABLE",J7="NOT_COMPUTABLE"),"INVALID: strict>generous",IF(AND(G7="COMPUTABLE",OR(H7="",I7="")),"STRICT NEEDS EVIDENCE",IF(AND(J7="COMPUTABLE",OR(L7="",M7="")),"GENEROUS NEEDS EVIDENCE",IF(AND(J7="COMPUTABLE",G7="NOT_COMPUTABLE",K7=""),"PROXY FIELD NEEDED","OK"))))) -> MISSING JUDGMENT
A8: C06 | B8: 2024 | C8: OpenAI | D8: GPT-4o System Card | E8: IND-TRANS-EXP | F8: Explainability coverage | O8: =IF(OR(G8="",J8=""),"MISSING JUDGMENT",IF(AND(G8="COMPUTABLE",J8="NOT_COMPUTABLE"),"INVALID: strict>generous",IF(AND(G8="COMPUTABLE",OR(H8="",I8="")),"STRICT NEEDS EVIDENCE",IF(AND(J8="COMPUTABLE",OR(L8="",M8="")),"GENEROUS NEEDS EVIDENCE",IF(AND(J8="COMPUTABLE",G8="NOT_COMPUTABLE",K8=""),"PROXY FIELD NEEDED","OK"))))) -> MISSING JUDGMENT
A9: C07 | B9: 2024 | C9: OpenAI | D9: GPT-4o System Card | E9: IND-ACC-HUMAN | F9: Human review share | O9: =IF(OR(G9="",J9=""),"MISSING JUDGMENT",IF(AND(G9="COMPUTABLE",J9="NOT_COMPUTABLE"),"INVALID: strict>generous",IF(AND(G9="COMPUTABLE",OR(H9="",I9="")),"STRICT NEEDS EVIDENCE",IF(AND(J9="COMPUTABLE",OR(L9="",M9="")),"GENEROUS NEEDS EVIDENCE",IF(AND(J9="COMPUTABLE",G9="NOT_COMPUTABLE",K9=""),"PROXY FIELD NEEDED","OK"))))) -> MISSING JUDGMENT
A10: C08 | B10: 2024 | C10: OpenAI | D10: GPT-4o System Card | E10: IND-FAIR-DATA | F10: Training-data diversity entropy | O10: =IF(OR(G10="",J10=""),"MISSING JUDGMENT",IF(AND(G10="COMPUTABLE",J10="NOT_COMPUTABLE"),"INVALID: strict>generous",IF(AND(G10="COMPUTABLE",OR(H10="",I10="")),"STRICT NEEDS EVIDENCE",IF(AND(J10="COMPUTABLE",OR(L10="",M10="")),"GENEROUS NEEDS EVIDENCE",IF(AND(J10="COMPUTABLE",G10="NOT_COMPUTABLE",K10=""),"PROXY FIELD NEEDED","OK"))))) -> MISSING JUDGMENT
A11: C09 | B11: 2024 | C11: OpenAI | D11: GPT-4o System Card | E11: IND-ROB-TEST | F11: Robustness test coverage | O11: =IF(OR(G11="",J11=""),"MISSING JUDGMENT",IF(AND(G11="COMPUTABLE",J11="NOT_COMPUTABLE"),"INVALID: strict>generous",IF(AND(G11="COMPUTABLE",OR(H11="",I11="")),"STRICT NEEDS EVIDENCE",IF(AND(J11="COMPUTABLE",OR(L11="",M11="")),"GENEROUS NEEDS EVIDENCE",IF(AND(J11="COMPUTABLE",G11="NOT_COMPUTABLE",K11=""),"PROXY FIELD NEEDED","OK"))))) -> MISSING JUDGMENT
A12: C10 | B12: 2024 | C12: OpenAI | D12: GPT-4o System Card | E12: IND-ETH-COV | F12: Ethical assessment coverage | O12: =IF(OR(G12="",J12=""),"MISSING JUDGMENT",IF(AND(G12="COMPUTABLE",J12="NOT_COMPUTABLE"),"INVALID: strict>generous",IF(AND(G12="COMPUTABLE",OR(H12="",I12="")),"STRICT NEEDS EVIDENCE",IF(AND(J12="COMPUTABLE",OR(L12="",M12="")),"GENEROUS NEEDS EVIDENCE",IF(AND(J12="COMPUTABLE",G12="NOT_COMPUTABLE",K12=""),"PROXY FIELD NEEDED","OK"))))) -> MISSING JUDGMENT
A13: C11 | B13: 2024 | C13: Anthropic | D13: Claude 3.5 Sonnet Model Card | E13: IND-TRANS-AI-ID | F13: AI identity disclosure rate | O13: =IF(OR(G13="",J13=""),"MISSING JUDGMENT",IF(AND(G13="COMPUTABLE",J13="NOT_COMPUTABLE"),"INVALID: strict>generous",IF(AND(G13="COMPUTABLE",OR(H13="",I13="")),"STRICT NEEDS EVIDENCE",IF(AND(J13="COMPUTABLE",OR(L13="",M13="")),"GENEROUS NEEDS EVIDENCE",IF(AND(J13="COMPUTABLE",G13="NOT_COMPUTABLE",K13=""),"PROXY FIELD NEEDED","OK"))))) -> MISSING JUDGMENT
A14: C12 | B14: 2024 | C14: Anthropic | D14: Claude 3.5 Sonnet Model Card | E14: IND-CTRL-CEASE-RATE | F14: Cessation compliance rate | O14: =IF(OR(G14="",J14=""),"MISSING JUDGMENT",IF(AND(G14="COMPUTABLE",J14="NOT_COMPUTABLE"),"INVALID: strict>generous",IF(AND(G14="COMPUTABLE",OR(H14="",I14="")),"STRICT NEEDS EVIDENCE",IF(AND(J14="COMPUTABLE",OR(L14="",M14="")),"GENEROUS NEEDS EVIDENCE",IF(AND(J14="COMPUTABLE",G14="NOT_COMPUTABLE",K14=""),"PROXY FIELD NEEDED","OK"))))) -> MISSING JUDGMENT
... A62: C60 | B62: 2025-26 | C62: Google | D62: Gemini 3 Model Card | E62: IND-ETH-COV | F62: Ethical assessment coverage | O62: =IF(OR(G62="",J62=""),"MISSING JUDGMENT",IF(AND(G62="COMPUTABLE",J62="NOT_COMPUTABLE"),"INVALID: strict>generous",IF(AND(G62="COMPUTABLE",OR(H62="",I62="")),"STRICT NEEDS EVIDENCE",IF(AND(J62="COMPUTABLE",OR(L62="",M62="")),"GENEROUS NEEDS EVIDENCE",IF(AND(J62="COMPUTABLE",G62="NOT_COMPUTABLE",K62=""),"PROXY FIELD NEEDED","OK"))))) -> MISSING JUDGMENT

Sheet Summary
A1: Auto-computed summary (do not edit)
A3: Rows coded (both judgments present) | B3: =SUMPRODUCT((Coding!G3:G62<>"")*(Coding!J3:J62<>"")) -> 0 | C3: of 60
A4: Rows with Check = OK | B4: =COUNTIF(Coding!O3:O62,"OK") -> 0 | C4: must equal 60 before submission
A5: Strict COMPUTABLE count | B5: =COUNTIF(Coding!G3:G62,"COMPUTABLE") -> 0 | C5: of 60 cells
A6: Generous COMPUTABLE count | B6: =COUNTIF(Coding!J3:J62,"COMPUTABLE") -> 0 | C6: of 60 cells
A7: Strict COMPUTABLE — 2024 generation | B7: =COUNTIFS(Coding!B3:B62,"2024",Coding!G3:G62,"COMPUTABLE") -> 0 | C7: of 30
A8: Strict COMPUTABLE — 2025-26 generation | B8: =COUNTIFS(Coding!B3:B62,"2025-26",Coding!G3:G62,"COMPUTABLE") -> 0 | C8: of 30
A9: Generous COMPUTABLE — 2024 generation | B9: =COUNTIFS(Coding!B3:B62,"2024",Coding!J3:J62,"COMPUTABLE") -> 0 | C9: of 30
A10: Generous COMPUTABLE — 2025-26 generation | B10: =COUNTIFS(Coding!B3:B62,"2025-26",Coding!J3:J62,"COMPUTABLE") -> 0 | C10: of 30
